https://rmsafetynet.helpdocsonline.com/rm-support,Help
https://rmsafetynet.helpdocsonline.com/support,Import
https://rmsafetynet.helpdocsonline.com/best-practice,Best Practice
https://rmsafetynet.helpdocsonline.com/rmrecommends,RM Recommendations
https://rmsafetynet.helpdocsonline.com/ech,Encrypted Client Hello
https://rmsafetynet.helpdocsonline.com/mobilecontent,Mobile and App Content
https://rmsafetynet.helpdocsonline.com/vpn,VPN Applications
https://rmsafetynet.helpdocsonline.com/getting-started,Getting Started
https://rmsafetynet.helpdocsonline.com/logontosafetynet,How to log into RM SafetyNet
https://rmsafetynet.helpdocsonline.com/how-do-policies-and-lists-work,How do Policies and Lists work?
https://rmsafetynet.helpdocsonline.com/ssl,SSL Interception
https://rmsafetynet.helpdocsonline.com/mysettings,Proxy Settings
https://rmsafetynet.helpdocsonline.com/ubf,User Based Filtering
https://rmsafetynet.helpdocsonline.com/rmsafetynettile,The RM SafetyNet tile in RM Unify
https://rmsafetynet.helpdocsonline.com/staggered-rollout-of-rm-safetynet-ubf-when-you-are-unable-to-bulk-reset-passwords-tec5492335,Planning the password changes
https://rmsafetynet.helpdocsonline.com/rm-safetynet-user-based-filtering-on-a-multi-site-rm-unify-ad-sync-configuration-tec6411772,Multi-site RM Unify AD Sync considerations
https://rmsafetynet.helpdocsonline.com/rm-safetynet-user-based-filtering-users-remain-despite-their-accounts-are-deleted-in-rm-unify-tec5356272,Deleted accounts in RM SafetyNet
https://rmsafetynet.helpdocsonline.com/rm-safetynet-ubf-user-is-prompted-for-credentials-after-a-network-password-change-tec6169503,Password change diagnostics
https://rmsafetynet.helpdocsonline.com/using_groups_and_users,Using_groups_and_users
https://rmsafetynet.helpdocsonline.com/yeargroups,Year Group filtering policies
https://rmsafetynet.helpdocsonline.com/kcsie,Keeping children safe in education guidelines
https://rmsafetynet.helpdocsonline.com/trust-wide-deployment,Trust wide RM SafetyNet deployment
https://rmsafetynet.helpdocsonline.com/administratortasks,AdministratorTasks
https://rmsafetynet.helpdocsonline.com/recommended,Recommended ways to use RM SafetyNet
https://rmsafetynet.helpdocsonline.com/pac,Auto configuration of proxy server addresses devices that are taken out of school
https://rmsafetynet.helpdocsonline.com/changing_your_account_settings,Changing_your_account_settings
https://rmsafetynet.helpdocsonline.com/defining_your_filter_page,Defining_your_filter_page
https://rmsafetynet.helpdocsonline.com/contacts,Who to Contact
https://rmsafetynet.helpdocsonline.com/faq,FAQ
https://rmsafetynet.helpdocsonline.com/how_to_unfilter_a_site,How_to_unfilter_a_site
https://rmsafetynet.helpdocsonline.com/faq-on-whatsapp-url-redirection-in-rm-safetynet-tec6237635,FAQ on WhatsApp URL redirection in RM SafetyNet
https://rmsafetynet.helpdocsonline.com/rm-safetynet-filter-page-does-not-appear-when-browsing-to-blocked-https-websites-tec5431676,RM SafetyNet filter page does not appear when browsing to blocked HTTPS websites
https://rmsafetynet.helpdocsonline.com/connect-to-internet-page-appears-when-browsing-to-blocked-search-term-on-youtube,Connect to internet page appear when browsing to blocked search term in YouTube
https://rmsafetynet.helpdocsonline.com/legacy-features,Legacy Features
https://rmsafetynet.helpdocsonline.com/using_the_staff_proxy,Using the Staff Proxy
https://rmsafetynet.helpdocsonline.com/network-configuration,Network Configuration
https://rmsafetynet.helpdocsonline.com/transparent,Transparent Filtering
https://rmsafetynet.helpdocsonline.com/tubf,Transparent User Based Filtering
https://rmsafetynet.helpdocsonline.com/untitled-9,Transparent User Based Filtering Home Page
https://rmsafetynet.helpdocsonline.com/radius,RADIUS support in Transparent User Based Filtering (TUBF)
https://rmsafetynet.helpdocsonline.com/networkbased,Network based Policy
https://rmsafetynet.helpdocsonline.com/proxy-based-policy,Proxy based Policy
https://rmsafetynet.helpdocsonline.com/agent,RM SafetyNet Agent assisted User Based Filtering
https://rmsafetynet.helpdocsonline.com/gpo-agent,Example process for creating a GPO to install the Agent
https://rmsafetynet.helpdocsonline.com/reporting-2,Reporting
https://rmsafetynet.helpdocsonline.com/reporting,Reporting Page
https://rmsafetynet.helpdocsonline.com/alerting,Alerting within RM SafetyNet
https://rmsafetynet.helpdocsonline.com/iwf,IWF process
https://rmsafetynet.helpdocsonline.com/viewing_the_changes_log,Viewing_the_changes_log
https://rmsafetynet.helpdocsonline.com/rm-safetynet-policies,RM Safetynet Policies
https://rmsafetynet.helpdocsonline.com/rm-filtering-policy,RM Filtering Policy
https://rmsafetynet.helpdocsonline.com/privacypolicy,RM SafetyNet Privacy Policy
https://rmsafetynet.helpdocsonline.com/sngo,Device Filtering - RM SafetyNet Go
https://rmsafetynet.helpdocsonline.com/sn-ios-information,SafetyNet iOS - Information
https://rmsafetynet.helpdocsonline.com/sn-ios-accessing-profiles,SafetyNet iOS - Accessing Profiles
https://rmsafetynet.helpdocsonline.com/sngo-ios-intune,RM SafeyNet iOS - Intune Devices
https://rmsafetynet.helpdocsonline.com/untitled-4,RM SafetyNet iOS - Jamf MDM
https://rmsafetynet.helpdocsonline.com/sngo-chrome,Deploying RM SafetyNet Go for Google Chrome
https://rmsafetynet.helpdocsonline.com/sngo-edge,Deploying RM SafetyNet Go for Microsoft Edge
https://rmsafetynet.helpdocsonline.com/sngo-googleworkspace,RM SafetyNet Go for Google Workspace Users
https://rmsafetynet.helpdocsonline.com/sngo-unify,RM SafetyNet Go for RM Unify Users
https://rmsafetynet.helpdocsonline.com/sngo-azure,RM SafetyNet Go for Microsoft Azure AD Users
https://rmsafetynet.helpdocsonline.com/multiple-identity-provider,Multiple Identity Provider Support
https://rmsafetynet.helpdocsonline.com/sngo-error-messages,SN Go - Standard Error Messages
https://rmsafetynet.helpdocsonline.com/azureadusers,User Management - Azure AD
https://rmsafetynet.helpdocsonline.com/googleusers,User Management - Google Workspace
https://rmsafetynet.helpdocsonline.com/rmsafetynet-updates,RM SafetyNet Updates
https://rmsafetynet.helpdocsonline.com/user-management,User Management
https://rmsafetynet.helpdocsonline.com/creating_groups,Creating and Editing Groups
https://rmsafetynet.helpdocsonline.com/prioritising_groups,Prioritising_groups
https://rmsafetynet.helpdocsonline.com/viewing_and_editing_a_user_s_groups,Viewing_and_editing_a_user_s_groups
https://rmsafetynet.helpdocsonline.com/managing_admin_users,Managing_admin_users
https://rmsafetynet.helpdocsonline.com/using_web_access_policies,Web Access Policy
https://rmsafetynet.helpdocsonline.com/webaccesspolicy,Web Access Policy - Create Edit Delete and Apply
https://rmsafetynet.helpdocsonline.com/youtube,Defining YouTube policies
https://rmsafetynet.helpdocsonline.com/using_filter_lists,Using_filter_lists
https://rmsafetynet.helpdocsonline.com/creating_filter_lists,Filter Lists - Create Edit and Delete
https://rmsafetynet.helpdocsonline.com/prioritising_your_filter_lists,Prioritising_your_filter_lists
https://rmsafetynet.helpdocsonline.com/using_web_rules,Using_web_rules
https://rmsafetynet.helpdocsonline.com/syntax_for_web_rules,Syntax_for_web_rules
https://rmsafetynet.helpdocsonline.com/examples_of_web_rules,Examples_of_web_rules
https://rmsafetynet.helpdocsonline.com/rm-safetynet-best-practice-guide-for-creating-url-filter-rules-tec1218001,RM SafetyNet - Best practice guide for creating URL filter rules
https://rmsafetynet.helpdocsonline.com/using_search_rules,Using_search_rules
https://rmsafetynet.helpdocsonline.com/syntax_for_search_rules,Syntax_for_search_rules
https://rmsafetynet.helpdocsonline.com/examples_of_search_rules,Examples_of_search_rules
https://rmsafetynet.helpdocsonline.com/tec5284979,"How to add, edit and delete a time period in RM SafetyNet"
https://rmsafetynet.helpdocsonline.com/understanding_urls,Understanding_URLs
https://rmsafetynet.helpdocsonline.com/policychecker,Policy Checker
https://rmsafetynet.helpdocsonline.com/suggesting_sites_to_be_filtered_or_unfiltered,Suggesting_sites_to_be_filtered_or_unfiltered
https://rmsafetynet.helpdocsonline.com/rm-safetynet-common-url-requests-for-unfiltering,RM SafetyNet - Common URL requests for unfiltering
https://rmsafetynet.helpdocsonline.com/glossary,Glossary
https://rmsafetynet.helpdocsonline.com/rm-dns-documentation,RM DNS Documentation
https://rmsafetynet.helpdocsonline.com/connectivity-help,Connectivity Services Help
https://rmsafetynet.helpdocsonline.com/rmdns,RM DNS - How to use RM Self Service DNS
https://rmsafetynet.helpdocsonline.com/rm-firewall,RM Firewall
https://rmsafetynet.helpdocsonline.com/managing-inbound-policies,Managing Inbound Policies
https://rmsafetynet.helpdocsonline.com/live-logs,Live Logs
https://rmsafetynet.helpdocsonline.com/log-export,Log Export
https://rmsafetynet.helpdocsonline.com/how-to-upload-file,Managing Outbound Policies
https://rmsafetynet.helpdocsonline.com/intersite-policies,Intersite Policies
https://rmsafetynet.helpdocsonline.com/security-inspection,Security Inspection
https://rmsafetynet.helpdocsonline.com/new-folder-2,Online Safety Resources
https://rmsafetynet.helpdocsonline.com/import,Import
https://rmsafetynet.helpdocsonline.com/sngo-apple,RM SafetyNet iOS
https://rmsafetynet.helpdocsonline.com/gpo-agent-automatic,Example process for creating a GPO automatically
https://rmsafetynet.helpdocsonline.com/tubftile,Setting up the Transparent User Based Filtering (UBF) tile in RM Unify
